id,first_name,last_name,email,gender
1,Rebe,Lanphere,rlanphere0@yale.edu,Female
2,Saundra,Paslow,spaslow1@addthis.com,Male
3,Jasmine,Crowche,jcrowche2@tripadvisor.com,Female
4,Jakie,Wilfing,jwilfing3@addtoany.com,Non-binary
5,Sharia,Joslin,sjoslin4@uiuc.edu,Female
6,Hort,Hancell,hhancell5@hatena.ne.jp,Male
7,Demetrius,Edie,dedie6@arstechnica.com,Male
8,Meryl,Abelwhite,mabelwhite7@list-manage.com,Male
9,Aldous,O'Leagham,aoleagham8@elegantthemes.com,Male
10,Dean,Rijkeseis,drijkeseis9@techcrunch.com,Male
11,Gussi,Olivella,golivellaa@smh.com.au,Female
12,Adey,Jardine,ajardineb@bravesites.com,Female
13,Trixi,Plante,tplantec@newyorker.com,Female
14,Drona,Buzek,dbuzekd@merriam-webster.com,Agender
15,Munmro,Vaulkhard,mvaulkharde@printfriendly.com,Male
16,Benn,Creer,bcreerf@nps.gov,Male
17,Lyell,Skeldinge,lskeldingeg@hexun.com,Male
18,Tore,Johnys,tjohnysh@state.tx.us,Male
19,Peri,Jonuzi,pjonuzii@acquirethisname.com,Female
20,Evyn,Buzin,ebuzinj@dyndns.org,Male
21,Maureene,Jovicic,mjovicick@ifeng.com,Female
22,Aldon,Hartzenberg,ahartzenbergl@cpanel.net,Male
23,Cindie,Olden,coldenm@bigcartel.com,Female
24,Dinah,Rennels,drennelsn@mozilla.org,Female
25,Garvy,Hindrick,ghindricko@studiopress.com,Male
26,Robbyn,Lalevee,rlaleveep@whitehouse.gov,Female
27,Jewell,Sainter,jsainterq@msn.com,Female
28,Pavla,MacFarlane,pmacfarlaner@answers.com,Non-binary
29,Nicolette,McNeilley,nmcneilleys@washington.edu,Bigender
30,Port,Michie,pmichiet@gizmodo.com,Male
31,Sigismundo,Wingham,swinghamu@wiley.com,Male
32,Filippo,Wasmuth,fwasmuthv@mysql.com,Male
33,Jennee,Braithwaite,jbraithwaitew@meetup.com,Female
34,Lisa,Bamlett,lbamlettx@rediff.com,Female
35,Niven,Tryhorn,ntryhorny@ucoz.com,Male
36,Cleavland,Porcas,cporcasz@cbsnews.com,Male
37,Jarib,Pyrton,jpyrton10@irs.gov,Male
38,Roseanne,Allwright,rallwright11@cpanel.net,Female
39,Aidan,Haldene,ahaldene12@tripod.com,Female
40,Leah,Skellion,lskellion13@phoca.cz,Female
41,Budd,Earles,bearles14@uiuc.edu,Male
42,Kelli,Scorthorne,kscorthorne15@usatoday.com,Female
43,Kirsten,Castane,kcastane16@google.ca,Female
44,Charlene,Truswell,ctruswell17@mit.edu,Agender
45,Joni,Lambdean,jlambdean18@mayoclinic.com,Female
46,Kym,Perring,kperring19@tumblr.com,Genderfluid
47,Blair,Ormshaw,bormshaw1a@archive.org,Male
48,Garrett,Tilston,gtilston1b@ftc.gov,Male
49,Dorette,Bolduc,dbolduc1c@patch.com,Female
50,Boot,Hamlet,bhamlet1d@surveymonkey.com,Male
51,Nikolia,Pilch,npilch1e@stumbleupon.com,Female
52,Rancell,Upsale,rupsale1f@microsoft.com,Male
53,Twyla,Braxton,tbraxton1g@epa.gov,Female
54,Dolf,MacKeever,dmackeever1h@fc2.com,Male
55,Aviva,Hecks,ahecks1i@china.com.cn,Bigender
56,Lucian,Braywood,lbraywood1j@guardian.co.uk,Male
57,Stephanie,Cranage,scranage1k@plala.or.jp,Female
58,Malina,Bachelar,mbachelar1l@pinterest.com,Female
59,Danika,Vicary,dvicary1m@blogtalkradio.com,Female
60,Leonardo,Pickworth,lpickworth1n@illinois.edu,Male
61,Sydney,Bissex,sbissex1o@loc.gov,Genderfluid
62,Murielle,Vannuccinii,mvannuccinii1p@photobucket.com,Female
63,Josh,Smylie,jsmylie1q@delicious.com,Male
64,Inger,Van Cassel,ivancassel1r@cyberchimps.com,Agender
65,Yuma,Gisburn,ygisburn1s@oaic.gov.au,Male
66,Phedra,Blanpein,pblanpein1t@alexa.com,Female
67,Kenn,Alchin,kalchin1u@goo.gl,Male
68,Boonie,Fahrenbacher,bfahrenbacher1v@is.gd,Male
69,Clevey,Rain,crain1w@hp.com,Male
70,Anna,Luxford,aluxford1x@indiatimes.com,Female
71,Griz,Gyurko,ggyurko1y@a8.net,Polygender
72,Isac,Mattaus,imattaus1z@squidoo.com,Male
73,Francis,Gates,fgates20@ameblo.jp,Male
74,Bengt,Ravens,bravens21@csmonitor.com,Male
75,Mellie,Bowser,mbowser22@mit.edu,Female
76,Silvanus,Tivnan,stivnan23@foxnews.com,Male
77,Javier,Eakley,jeakley24@noaa.gov,Male
78,Rolf,Saile,rsaile25@umich.edu,Male
79,Otho,Mallender,omallender26@shutterfly.com,Male
80,Hartley,Kalisch,hkalisch27@cpanel.net,Male
81,Tully,Haddeston,thaddeston28@gizmodo.com,Male
82,Renard,MacRierie,rmacrierie29@phpbb.com,Male
83,Dave,Vasler,dvasler2a@1und1.de,Male
84,Cissy,Cosgreave,ccosgreave2b@nature.com,Female
85,Major,Jiran,mjiran2c@devhub.com,Male
86,Aylmer,Camosso,acamosso2d@yellowpages.com,Male
87,Cassius,Spensley,cspensley2e@usda.gov,Male
88,Juliane,Nassey,jnassey2f@shutterfly.com,Female
89,Ester,Durrell,edurrell2g@sciencedaily.com,Female
90,Demetria,Bern,dbern2h@imdb.com,Female
91,Kiel,Hardwin,khardwin2i@mashable.com,Male
92,Felipe,Bury,fbury2j@census.gov,Male
93,Iorgos,Maslen,imaslen2k@bandcamp.com,Male
94,Brent,Jaukovic,bjaukovic2l@themeforest.net,Male
95,Nari,Millwater,nmillwater2m@networkadvertising.org,Female
96,Gar,Grice,ggrice2n@miitbeian.gov.cn,Male
97,Gav,Loadsman,gloadsman2o@mozilla.com,Male
98,Ebeneser,McLukie,emclukie2p@microsoft.com,Male
99,Willabella,Turneux,wturneux2q@yelp.com,Genderqueer
100,Marijo,Gapper,mgapper2r@howstuffworks.com,Female
101,Ole,Thorp,othorp2s@home.pl,Male
102,Griffin,Garnsworthy,ggarnsworthy2t@princeton.edu,Male
103,Tabby,Sieur,tsieur2u@businesswire.com,Genderqueer
104,Desmund,Gayforth,dgayforth2v@mozilla.org,Male
105,Vera,Aggiss,vaggiss2w@businessweek.com,Genderfluid
106,Omar,Fulstow,ofulstow2x@gizmodo.com,Male
107,Kristel,Aharoni,kaharoni2y@jalbum.net,Female
108,Katina,Parmley,kparmley2z@cafepress.com,Bigender
109,Dov,Holton,dholton30@delicious.com,Male
110,Krispin,McBeth,kmcbeth31@bizjournals.com,Male
111,Ajay,Farries,afarries32@utexas.edu,Female
112,Karlis,Coole,kcoole33@stanford.edu,Male
113,Grethel,Ebbage,gebbage34@fastcompany.com,Female
114,Salvidor,Miguet,smiguet35@xinhuanet.com,Male
115,Gweneth,Catherall,gcatherall36@diigo.com,Female
116,Hesther,Plover,hplover37@ibm.com,Female
117,Marcelia,Floweth,mfloweth38@foxnews.com,Female
118,Else,Figin,efigin39@cmu.edu,Female
119,Cyb,Beston,cbeston3a@japanpost.jp,Female
120,Udall,Dobrowolski,udobrowolski3b@zimbio.com,Male
121,Avery,Backes,abackes3c@mayoclinic.com,Male
122,Stacia,Wozencraft,swozencraft3d@marriott.com,Female
123,Nestor,Lannin,nlannin3e@4shared.com,Male
124,Adrian,Measom,ameasom3f@wiley.com,Male
125,Nannette,Lacey,nlacey3g@webs.com,Female
126,Nico,Pawling,npawling3h@hao123.com,Male
127,Casey,Trelease,ctrelease3i@twitter.com,Male
128,Travers,MacGibbon,tmacgibbon3j@istockphoto.com,Male
129,Tymon,Fowgies,tfowgies3k@opensource.org,Male
130,Luz,Cornehl,lcornehl3l@un.org,Agender
131,Yvonne,Hitcham,yhitcham3m@privacy.gov.au,Female
132,Lewes,Cottam,lcottam3n@amazonaws.com,Male
133,Belva,Garfit,bgarfit3o@reddit.com,Female
134,Rani,Offell,roffell3p@usa.gov,Female
135,Hester,Wellfare,hwellfare3q@bluehost.com,Female
136,Dulsea,Hassard,dhassard3r@amazon.com,Female
137,Daffi,Screase,dscrease3s@jigsy.com,Bigender
138,Brigit,Nettle,bnettle3t@nature.com,Female
139,Petrina,Coggings,pcoggings3u@dedecms.com,Female
140,Collen,Holdall,choldall3v@prlog.org,Female
141,Sibeal,Waplington,swaplington3w@discuz.net,Female
142,Humbert,Chadderton,hchadderton3x@stumbleupon.com,Male
143,Corene,Pancoust,cpancoust3y@alibaba.com,Female
144,Lavinia,Scawn,lscawn3z@usda.gov,Female
145,Ambrosio,Nugent,anugent40@gizmodo.com,Male
146,Reynard,Burniston,rburniston41@quantcast.com,Male
147,Katinka,Gerant,kgerant42@pcworld.com,Female
148,Laurent,Foster-Smith,lfostersmith43@loc.gov,Male
149,Hercule,Muslim,hmuslim44@bing.com,Male
150,Eloisa,Nequest,enequest45@hao123.com,Female
151,See,Georgelin,sgeorgelin46@amazonaws.com,Male
152,Isaiah,Paaso,ipaaso47@aboutads.info,Male
153,Hillary,Mossop,hmossop48@tiny.cc,Female
154,Raye,Wikey,rwikey49@tamu.edu,Female
155,Blondie,Butte,bbutte4a@wisc.edu,Female
156,Joel,Coley,jcoley4b@unicef.org,Male
157,Monte,Joiner,mjoiner4c@seattletimes.com,Male
158,Nannette,Buffy,nbuffy4d@people.com.cn,Female
159,Zared,Graal,zgraal4e@drupal.org,Male
160,Danie,Cartwright,dcartwright4f@stanford.edu,Male
161,Alphard,Trowell,atrowell4g@nydailynews.com,Male
162,Nari,Marder,nmarder4h@php.net,Female
163,Jarib,Codman,jcodman4i@taobao.com,Male
164,Hildagard,How,hhow4j@microsoft.com,Female
165,Dale,Skellon,dskellon4k@unblog.fr,Male
166,Jasmin,Thain,jthain4l@dot.gov,Female
167,Tori,Eliassen,teliassen4m@phpbb.com,Female
168,Victoria,Bauld,vbauld4n@craigslist.org,Female
169,Yance,Chatelet,ychatelet4o@chronoengine.com,Male
170,Willetta,Featherby,wfeatherby4p@tripadvisor.com,Bigender
171,Hardy,Skones,hskones4q@dedecms.com,Male
172,Ursuline,MacDougal,umacdougal4r@upenn.edu,Female
173,Merissa,McCullum,mmccullum4s@prnewswire.com,Female
174,Clementine,Edmundson,cedmundson4t@etsy.com,Female
175,Tally,Badcock,tbadcock4u@shinystat.com,Female
176,Rowney,Broun,rbroun4v@cloudflare.com,Male
177,Starlin,Sallings,ssallings4w@uiuc.edu,Genderqueer
178,Aubrey,Goulter,agoulter4x@china.com.cn,Male
179,Rachel,Goody,rgoody4y@foxnews.com,Female
180,Anatollo,Aubrey,aaubrey4z@state.gov,Genderqueer
181,Jarad,Synan,jsynan50@baidu.com,Non-binary
182,Devina,Lockhart,dlockhart51@shinystat.com,Female
183,Avram,Raspin,araspin52@abc.net.au,Male
184,Derick,Crosswaite,dcrosswaite53@theglobeandmail.com,Genderfluid
185,Dory,Pardi,dpardi54@ask.com,Female
186,Nikola,Canelas,ncanelas55@vistaprint.com,Male
187,Hercule,Ehlerding,hehlerding56@unicef.org,Male
188,Ninetta,Baldung,nbaldung57@dell.com,Genderqueer
189,Blane,Bassano,bbassano58@accuweather.com,Bigender
190,Sal,Border,sborder59@chicagotribune.com,Male
191,Alvis,Hayward,ahayward5a@princeton.edu,Male
192,Charmaine,Berfoot,cberfoot5b@nationalgeographic.com,Female
193,Eartha,Wimmer,ewimmer5c@wordpress.org,Female
194,Karel,Stennet,kstennet5d@wikipedia.org,Female
195,Francine,Zanardii,fzanardii5e@merriam-webster.com,Female
196,Aimil,Binnes,abinnes5f@artisteer.com,Female
197,Yetty,Norewood,ynorewood5g@angelfire.com,Female
198,Mendie,Slatford,mslatford5h@printfriendly.com,Male
199,Drusi,Naismith,dnaismith5i@mapquest.com,Female
200,Tiebold,Degan,tdegan5j@plala.or.jp,Male
201,Bibby,Dudbridge,bdudbridge5k@va.gov,Female
202,Gregor,Bartlet,gbartlet5l@weather.com,Male
203,Clarabelle,Tineman,ctineman5m@google.com.br,Female
204,Emmalee,Edgeson,eedgeson5n@google.cn,Female
205,Inga,Tims,itims5o@t.co,Female
206,Koren,Upex,kupex5p@latimes.com,Female
207,Jillane,MacRory,jmacrory5q@de.vu,Polygender
208,Vito,Heifer,vheifer5r@youtu.be,Male
209,Susanne,Bullingham,sbullingham5s@posterous.com,Female
210,Alfy,Catling,acatling5t@themeforest.net,Female
211,Teddy,Batsford,tbatsford5u@sciencedirect.com,Male
212,Quincy,Pundy,qpundy5v@godaddy.com,Male
213,Gene,O'Hoolahan,gohoolahan5w@myspace.com,Female
214,Mariam,Hulle,mhulle5x@yellowbook.com,Female
215,Paige,Milley,pmilley5y@yelp.com,Genderqueer
216,Kathy,Flaxman,kflaxman5z@cnn.com,Female
217,Jacquette,Hayball,jhayball60@devhub.com,Female
218,Dillon,Watman,dwatman61@e-recht24.de,Male
219,Lorrie,Leckey,lleckey62@imageshack.us,Female
220,Almeria,Tolcher,atolcher63@xrea.com,Female
221,Sapphira,Philippe,sphilippe64@hibu.com,Female
222,Nealson,Boller,nboller65@boston.com,Bigender
223,Letti,Rihosek,lrihosek66@tinyurl.com,Female
224,Deirdre,Divis,ddivis67@infoseek.co.jp,Female
225,Neely,Clow,nclow68@tamu.edu,Female
226,Aida,Kilmister,akilmister69@soup.io,Female
227,Desmond,Jerzycowski,djerzycowski6a@cyberchimps.com,Male
228,Vyky,Rarity,vrarity6b@yelp.com,Female
229,Iorgos,Garman,igarman6c@t-online.de,Male
230,Garrik,Benzing,gbenzing6d@nature.com,Male
231,Jorgan,Roxburch,jroxburch6e@weibo.com,Male
232,Vida,Yardley,vyardley6f@blogspot.com,Female
233,Tyrus,Medforth,tmedforth6g@salon.com,Agender
234,Truda,Boleyn,tboleyn6h@hhs.gov,Female
235,Shannan,Louder,slouder6i@google.com,Male
236,Grethel,Mowles,gmowles6j@msn.com,Female
237,Lindsay,Pleasance,lpleasance6k@home.pl,Male
238,Danna,Leel,dleel6l@nationalgeographic.com,Female
239,Sile,Tapsfield,stapsfield6m@freewebs.com,Female
240,Vance,Roper,vroper6n@discovery.com,Genderfluid
241,Vickie,Andrivel,vandrivel6o@comcast.net,Female
242,Violetta,Coffelt,vcoffelt6p@macromedia.com,Female
243,Drugi,Brade,dbrade6q@va.gov,Genderqueer
244,Kaye,Ney,kney6r@umn.edu,Female
245,Donia,Aronsohn,daronsohn6s@cyberchimps.com,Female
246,Paolina,Lankester,plankester6t@free.fr,Female
247,Riane,Marioneau,rmarioneau6u@independent.co.uk,Female
248,Elmore,Connal,econnal6v@jimdo.com,Male
249,Maximo,Bessent,mbessent6w@lycos.com,Male
250,Ban,Forseith,bforseith6x@canalblog.com,Male
251,Bartie,Tremontana,btremontana6y@ibm.com,Male
252,Pauly,Oseland,poseland6z@creativecommons.org,Female
253,Corrina,Sheehan,csheehan70@over-blog.com,Female
254,Niels,Beards,nbeards71@bravesites.com,Male
255,Donnie,Seignior,dseignior72@va.gov,Male
256,Lombard,Daw,ldaw73@paypal.com,Male
257,Trenton,Pitcaithley,tpitcaithley74@gravatar.com,Bigender
258,Gerardo,Daniells,gdaniells75@huffingtonpost.com,Male
259,Olivia,Offord,oofford76@tamu.edu,Female
260,Kitti,Gabbitas,kgabbitas77@ezinearticles.com,Female
261,Moselle,Morad,mmorad78@prweb.com,Female
262,Bill,Giovanni,bgiovanni79@phpbb.com,Male
263,Christina,Parrot,cparrot7a@goo.ne.jp,Female
264,Hildegaard,Bagot,hbagot7b@house.gov,Genderqueer
265,Elfrida,Cleaton,ecleaton7c@elpais.com,Genderfluid
266,Cassondra,Rollin,crollin7d@ucoz.com,Female
267,Samara,Sibylla,ssibylla7e@oracle.com,Female
268,Tate,Ivanonko,tivanonko7f@ezinearticles.com,Female
269,Cly,Lowers,clowers7g@ed.gov,Male
270,Erasmus,Kemble,ekemble7h@ning.com,Male
271,Tibold,Ditchett,tditchett7i@zimbio.com,Male
272,Frannie,MacEvilly,fmacevilly7j@dailymotion.com,Male
273,Pru,Del Monte,pdelmonte7k@omniture.com,Agender
274,Andeee,Rivitt,arivitt7l@g.co,Bigender
275,Petr,Yearnes,pyearnes7m@over-blog.com,Male
276,Deny,Durrant,ddurrant7n@cocolog-nifty.com,Female
277,Shani,Shimony,sshimony7o@chronoengine.com,Female
278,Yank,Grebert,ygrebert7p@admin.ch,Male
279,Kelley,Derricoat,kderricoat7q@cnbc.com,Male
280,Crissy,Marzello,cmarzello7r@comcast.net,Female
281,Ambrosio,Seager,aseager7s@gmpg.org,Male
282,Jacquenetta,Snaddin,jsnaddin7t@moonfruit.com,Female
283,Agata,Prinnett,aprinnett7u@fc2.com,Female
284,Sharai,Mayo,smayo7v@latimes.com,Female
285,Zacharia,Inold,zinold7w@ycombinator.com,Genderfluid
286,Vera,Bengochea,vbengochea7x@google.co.jp,Female
287,Sharona,Steiner,ssteiner7y@shop-pro.jp,Female
288,Lance,Ainger,lainger7z@google.com.hk,Male
289,Bennett,Sancroft,bsancroft80@marketwatch.com,Male
290,Dionis,Stubbington,dstubbington81@intel.com,Female
291,Waylan,O'Crevan,wocrevan82@cisco.com,Male
292,Wald,Fice,wfice83@who.int,Male
293,Tobe,Brabham,tbrabham84@ameblo.jp,Male
294,Gordon,Stapells,gstapells85@arstechnica.com,Male
295,Myrvyn,Stoppe,mstoppe86@blogger.com,Male
296,Denni,Fownes,dfownes87@free.fr,Female
297,Salvatore,Brewitt,sbrewitt88@businessweek.com,Male
298,John,Philippault,jphilippault89@prnewswire.com,Male
299,Howard,Wimmer,hwimmer8a@oracle.com,Male
300,Fedora,Colam,fcolam8b@cpanel.net,Female
301,Vicky,Mattevi,vmattevi8c@hhs.gov,Female
302,Daune,Merrall,dmerrall8d@msn.com,Female
303,Raquela,Langer,rlanger8e@nature.com,Female
304,Winthrop,Andreutti,wandreutti8f@ameblo.jp,Male
305,Dale,Rosser,drosser8g@cbslocal.com,Female
306,Alanson,Bulstrode,abulstrode8h@answers.com,Male
307,Diane-marie,Salasar,dsalasar8i@google.com,Female
308,Dyan,Boddam,dboddam8j@devhub.com,Female
309,Alta,Parlott,aparlott8k@tmall.com,Non-binary
310,Rahal,Dubois,rdubois8l@salon.com,Female
311,Lidia,MacKill,lmackill8m@wikispaces.com,Female
312,Karil,Arrighetti,karrighetti8n@statcounter.com,Female
313,Sharity,Chiese,schiese8o@sina.com.cn,Female
314,Madella,Caghan,mcaghan8p@drupal.org,Female
315,Clari,Matteoli,cmatteoli8q@zdnet.com,Female
316,Christiano,Maidstone,cmaidstone8r@omniture.com,Male
317,Heriberto,Wiggett,hwiggett8s@ihg.com,Male
318,Domingo,Bartczak,dbartczak8t@google.com,Male
319,Ollie,Polfer,opolfer8u@ezinearticles.com,Male
320,Conrade,Nutley,cnutley8v@cam.ac.uk,Male
321,Maure,Itzhak,mitzhak8w@canalblog.com,Female
322,Lincoln,Raper,lraper8x@networksolutions.com,Male
323,Mycah,Wykey,mwykey8y@uol.com.br,Male
324,Tanya,Radford,tradford8z@wired.com,Female
325,Angy,Dana,adana90@columbia.edu,Bigender
326,Laurens,Norridge,lnorridge91@csmonitor.com,Male
327,Daron,Pulbrook,dpulbrook92@cnet.com,Male
328,Iago,Leyshon,ileyshon93@go.com,Male
329,Kaine,Ralphs,kralphs94@linkedin.com,Male
330,Edwin,Schwier,eschwier95@theatlantic.com,Male
331,Rakel,Tenaunt,rtenaunt96@apple.com,Female
332,Bertrando,Fredson,bfredson97@themeforest.net,Male
333,Gian,Daunay,gdaunay98@wordpress.org,Male
334,Emlynn,Skeermor,eskeermor99@dyndns.org,Female
335,Joanne,Matevosian,jmatevosian9a@ehow.com,Female
336,Ladonna,Aitkin,laitkin9b@sciencedaily.com,Female
337,Ken,Rojel,krojel9c@intel.com,Male
338,Marijo,Jorez,mjorez9d@shop-pro.jp,Female
339,Sileas,Licquorish,slicquorish9e@jimdo.com,Female
340,Dedie,Gircke,dgircke9f@live.com,Female
341,Dore,Fossord,dfossord9g@tripadvisor.com,Male
342,Sybil,Lorente,slorente9h@newsvine.com,Bigender
343,Petronia,Doblin,pdoblin9i@bloomberg.com,Female
344,Bennie,Caplin,bcaplin9j@howstuffworks.com,Male
345,Nealon,Somerlie,nsomerlie9k@usatoday.com,Male
346,Alejoa,Linsey,alinsey9l@sina.com.cn,Male
347,Daffi,Petrelli,dpetrelli9m@seesaa.net,Female
348,Felecia,Clemensen,fclemensen9n@archive.org,Female
349,Grissel,Collier,gcollier9o@state.gov,Female
350,Corrinne,Cheeld,ccheeld9p@zdnet.com,Female
351,Matteo,Spennock,mspennock9q@cnet.com,Male
352,Olva,Meecher,omeecher9r@ca.gov,Female
353,Jamima,Brockhouse,jbrockhouse9s@intel.com,Female
354,Ronna,Budgett,rbudgett9t@epa.gov,Female
355,Dare,Lockie,dlockie9u@statcounter.com,Male
356,Richie,Colebeck,rcolebeck9v@businessweek.com,Genderqueer
357,Cordelia,Falkner,cfalkner9w@youtu.be,Female
358,Darryl,Iorio,diorio9x@yelp.com,Female
359,Brita,Dallender,bdallender9y@europa.eu,Female
360,Evania,Sprosson,esprosson9z@home.pl,Female
361,Elvera,Inder,eindera0@cam.ac.uk,Female
362,Goldy,Tremathick,gtremathicka1@amazon.com,Female
363,Elli,Stoakes,estoakesa2@disqus.com,Female
364,Hally,Gilfoy,hgilfoya3@symantec.com,Female
365,Aveline,Prosh,aprosha4@noaa.gov,Female
366,Georgeanne,Jentin,gjentina5@businessinsider.com,Female
367,Aubrey,Roubay,aroubaya6@myspace.com,Female
368,Paola,Boram,pborama7@bravesites.com,Female
369,Rosina,Alders,raldersa8@yelp.com,Female
370,Celie,Blamey,cblameya9@wikimedia.org,Female
371,Almeda,Olcot,aolcotaa@youtube.com,Female
372,Carleen,Binney,cbinneyab@europa.eu,Female
373,Micaela,Brambley,mbrambleyac@simplemachines.org,Female
374,Cori,Scoates,cscoatesad@wunderground.com,Female
375,Michal,Bowra,mbowraae@weather.com,Female
376,Flint,Etchells,fetchellsaf@ca.gov,Male
377,Saul,De Bruijne,sdebruijneag@geocities.jp,Male
378,Robinetta,Northill,rnorthillah@opensource.org,Female
379,Marty,Ferriday,mferridayai@networksolutions.com,Male
380,Isidoro,Devericks,idevericksaj@msu.edu,Male
381,Darell,Colbeck,dcolbeckak@who.int,Female
382,Sig,Schukraft,sschukraftal@myspace.com,Male
383,Mauricio,Riatt,mriattam@jimdo.com,Polygender
384,Bambi,Dallman,bdallmanan@hugedomains.com,Female
385,Hastie,Penhall,hpenhallao@usatoday.com,Male
386,Johann,Delmage,jdelmageap@ebay.com,Genderfluid
387,Oswell,Bessom,obessomaq@wix.com,Male
388,Willamina,Beavan,wbeavanar@ted.com,Female
389,Anabel,Bessey,abesseyas@barnesandnoble.com,Female
390,Krystyna,Allsopp,kallsoppat@jalbum.net,Female
391,Frankie,Eglinton,feglintonau@nifty.com,Male
392,Christopher,Van Haeften,cvanhaeftenav@altervista.org,Male
393,Norby,Jankovic,njankovicaw@cloudflare.com,Male
394,Urban,Whitesel,uwhiteselax@addtoany.com,Male
395,Pierrette,Lejeune,plejeuneay@4shared.com,Female
396,Janeta,Cowpe,jcowpeaz@umn.edu,Female
397,Webster,Northridge,wnorthridgeb0@dedecms.com,Male
398,Clementia,Lugden,clugdenb1@issuu.com,Female
399,Dell,Juanes,djuanesb2@xinhuanet.com,Male
400,Orton,Bertson,obertsonb3@cafepress.com,Male
401,Kristina,Mates,kmatesb4@etsy.com,Female
402,Cortney,Reisin,creisinb5@google.it,Female
403,Rurik,Ovell,rovellb6@amazon.co.jp,Male
404,Babb,Puve,bpuveb7@blog.com,Female
405,Trixie,Durban,tdurbanb8@smugmug.com,Female
406,Torin,Swindles,tswindlesb9@flavors.me,Male
407,Agnes,Wallege,awallegeba@com.com,Female
408,Nil,Littlefair,nlittlefairbb@nydailynews.com,Male
409,Janice,Ingon,jingonbc@google.it,Female
410,Pepito,Dollin,pdollinbd@gnu.org,Male
411,Clifford,Lyenyng,clyenyngbe@umich.edu,Non-binary
412,Gaven,Phlippsen,gphlippsenbf@163.com,Male
413,Slade,Thurnham,sthurnhambg@sciencedaily.com,Male
414,Nike,Rzehorz,nrzehorzbh@desdev.cn,Genderfluid
415,Jarvis,Janousek,jjanousekbi@usnews.com,Male
416,Quentin,Gwin,qgwinbj@linkedin.com,Male
417,Gabey,Akister,gakisterbk@hubpages.com,Bigender
418,Stan,Sykes,ssykesbl@sphinn.com,Male
419,Mead,Cossam,mcossambm@sakura.ne.jp,Male
420,Kerstin,Ordemann,kordemannbn@liveinternet.ru,Female
421,Peria,Dockrey,pdockreybo@archive.org,Female
422,Coreen,Ivanaev,civanaevbp@4shared.com,Female
423,Desdemona,Hulatt,dhulattbq@java.com,Female
424,Petrina,Chittim,pchittimbr@dell.com,Female
425,Norris,McTavish,nmctavishbs@chronoengine.com,Male
426,Briana,Gavey,bgaveybt@ameblo.jp,Genderqueer
427,Berny,Pattenden,bpattendenbu@domainmarket.com,Female
428,Gaylor,Broxup,gbroxupbv@yahoo.co.jp,Male
429,Anni,Braznell,abraznellbw@google.es,Female
430,Clevey,Blasi,cblasibx@fastcompany.com,Male
431,Carling,Canning,ccanningby@va.gov,Male
432,Gradey,Andreev,gandreevbz@over-blog.com,Male
433,Nefen,Faithfull,nfaithfullc0@ebay.com,Male
434,Craig,Linklater,clinklaterc1@harvard.edu,Male
435,Niles,Bradfield,nbradfieldc2@hostgator.com,Male
436,Lanita,Banbrigge,lbanbriggec3@google.ca,Female
437,Lyndsey,Mansbridge,lmansbridgec4@dot.gov,Female
438,Corrine,Hawk,chawkc5@dedecms.com,Female
439,Meredith,Carn,mcarnc6@usnews.com,Female
440,Marylee,Tatlowe,mtatlowec7@alexa.com,Female
441,Ellswerth,Shyram,eshyramc8@bbc.co.uk,Male
442,Lexine,Jado,ljadoc9@weather.com,Female
443,Luis,Barosch,lbaroschca@reuters.com,Non-binary
444,Corbet,Lambrechts,clambrechtscb@apple.com,Male
445,Martino,Durdy,mdurdycc@opensource.org,Male
446,Adriane,Foli,afolicd@bandcamp.com,Female
447,Cosme,Seers,cseersce@smh.com.au,Male
448,Deanna,Leadston,dleadstoncf@businessinsider.com,Female
449,Sloane,Born,sborncg@vinaora.com,Male
450,Reginald,Shelp,rshelpch@about.me,Male
451,Cleveland,Picopp,cpicoppci@archive.org,Male
452,Mendel,Tarbard,mtarbardcj@soundcloud.com,Male
453,Aubine,Lindelof,alindelofck@google.pl,Female
454,Lucius,Moxted,lmoxtedcl@theglobeandmail.com,Male
455,Melany,Loughren,mloughrencm@comcast.net,Female
456,Lanna,Munks,lmunkscn@sakura.ne.jp,Female
457,Melosa,Sunman,msunmanco@ted.com,Female
458,Asher,Danjoie,adanjoiecp@eepurl.com,Male
459,Massimo,Bartlomiej,mbartlomiejcq@auda.org.au,Male
460,Harald,Davidov,hdavidovcr@amazonaws.com,Genderfluid
461,Glynda,McCarty,gmccartycs@wikispaces.com,Female
462,Biddie,Benardette,bbenardettect@ow.ly,Female
463,Aurel,Conahy,aconahycu@ovh.net,Female
464,Currie,Passion,cpassioncv@state.gov,Male
465,Donny,Pretley,dpretleycw@china.com.cn,Female
466,Gail,Arnaudot,garnaudotcx@plala.or.jp,Male
467,Cinderella,Mellanby,cmellanbycy@home.pl,Female
468,Damaris,Alenichicov,dalenichicovcz@shutterfly.com,Female
469,Jeni,Grimsdike,jgrimsdiked0@stanford.edu,Genderfluid
470,Leonie,Phare,lphared1@comsenz.com,Female
471,Drusi,Kerss,dkerssd2@exblog.jp,Female
472,Ardella,Hendonson,ahendonsond3@lulu.com,Female
473,Salvidor,Essame,sessamed4@networksolutions.com,Male
474,Amalee,Prosh,aproshd5@mail.ru,Female
475,Hortensia,Strelitzki,hstrelitzkid6@t-online.de,Female
476,Ruby,Crickmoor,rcrickmoord7@usnews.com,Male
477,Donn,Siddaley,dsiddaleyd8@alibaba.com,Male
478,Cinnamon,Crissil,ccrissild9@sciencedirect.com,Female
479,Drake,Farloe,dfarloeda@miitbeian.gov.cn,Male
480,Lorenzo,Dreakin,ldreakindb@scientificamerican.com,Male
481,Perry,Fenwick,pfenwickdc@soundcloud.com,Female
482,Eirena,Stampfer,estampferdd@va.gov,Female
483,Oran,Houlaghan,ohoulaghande@abc.net.au,Male
484,Bordy,Huxley,bhuxleydf@admin.ch,Genderfluid
485,Janella,Hounsom,jhounsomdg@nasa.gov,Female
486,Kelsi,Sedcole,ksedcoledh@cnbc.com,Non-binary
487,Pearce,Laight,plaightdi@nih.gov,Male
488,Hollis,Copestick,hcopestickdj@cmu.edu,Male
489,Neils,Orbon,norbondk@wordpress.com,Male
490,Devin,Langton,dlangtondl@com.com,Polygender
491,Shara,Fritzer,sfritzerdm@webmd.com,Female
492,Wally,Ossenna,wossennadn@uol.com.br,Female
493,Barbabra,Treadger,btreadgerdo@blog.com,Female
494,Willi,Colegrove,wcolegrovedp@ucoz.ru,Female
495,Walsh,Altoft,waltoftdq@oracle.com,Male
496,Brandice,Leglise,bleglisedr@intel.com,Female
497,Vikki,MacColgan,vmaccolgands@goo.gl,Female
498,Russ,Vince,rvincedt@nps.gov,Male
499,Roderich,Freiburger,rfreiburgerdu@rediff.com,Male
500,Cammie,Osmint,cosmintdv@lycos.com,Female
501,Ernestus,Ewence,eewencedw@wiley.com,Male
502,Otha,Mellish,omellishdx@upenn.edu,Female
503,Jerome,Jantzen,jjantzendy@github.io,Male
504,Sinclare,Marcam,smarcamdz@parallels.com,Non-binary
505,Krisha,Jepensen,kjepensene0@jigsy.com,Male
506,Rochella,Morit,rmorite1@list-manage.com,Female
507,La verne,Seeley,lseeleye2@arstechnica.com,Female
508,Willem,Regus,wreguse3@jugem.jp,Male
509,Marcello,Guirau,mguiraue4@umn.edu,Male
510,Flossi,Loughnan,floughnane5@boston.com,Female
511,Corissa,Tollet,ctollete6@cargocollective.com,Female
512,Gibby,Halcro,ghalcroe7@about.com,Male
513,Alfie,Mulliss,amullisse8@biblegateway.com,Male
514,Layton,Bauchop,lbauchope9@google.com.br,Male
515,Gavra,Hexter,ghexterea@bbc.co.uk,Female
516,Ethan,Baggaley,ebaggaleyeb@chicagotribune.com,Male
517,Erda,O'Fergus,eofergusec@etsy.com,Genderqueer
518,Libbie,Nichol,lnicholed@mail.ru,Female
519,Thomasina,Fielders,tfieldersee@bigcartel.com,Female
520,Olag,Wallett,owallettef@biglobe.ne.jp,Male
521,Sukey,Renison,srenisoneg@etsy.com,Female
522,Mathilda,Rylatt,mrylatteh@wisc.edu,Female
523,Nata,Steane,nsteaneei@hhs.gov,Female
524,Ilysa,Rosenvasser,irosenvasserej@1688.com,Female
525,Edythe,Stanier,estanierek@msn.com,Female
526,Daphna,St. Aubyn,dstaubynel@netvibes.com,Female
527,Kin,Pippard,kpippardem@amazon.de,Male
528,Jaime,Straffon,jstraffonen@cnet.com,Female
529,Reggie,Kmieciak,rkmieciakeo@1688.com,Male
530,Bondie,Nannetti,bnannettiep@cbsnews.com,Male
531,Mallorie,Davy,mdavyeq@hugedomains.com,Female
532,Keriann,Snarr,ksnarrer@hibu.com,Female
533,Minerva,Leah,mleahes@wikimedia.org,Female
534,Giulietta,Enstone,genstoneet@squidoo.com,Female
535,Sherlocke,Chipp,schippeu@spotify.com,Male
536,Devin,Sudy,dsudyev@zimbio.com,Male
537,Skipp,Hedley,shedleyew@usatoday.com,Male
538,Gusta,McKintosh,gmckintoshex@omniture.com,Female
539,Janis,Stanman,jstanmaney@yale.edu,Female
540,Philbert,Di Meo,pdimeoez@netvibes.com,Male
541,Camellia,Riddoch,criddochf0@flickr.com,Female
542,Spense,Lansdale,slansdalef1@fda.gov,Male
543,Agretha,Fellona,afellonaf2@jiathis.com,Female
544,Heida,Kausche,hkauschef3@imdb.com,Female
545,Eleen,Commin,ecomminf4@soup.io,Female
546,Perri,Sawdon,psawdonf5@whitehouse.gov,Female
547,Leela,Debrett,ldebrettf6@deviantart.com,Female
548,Kirk,McDougal,kmcdougalf7@webnode.com,Male
549,Lilllie,Kopp,lkoppf8@yellowbook.com,Female
550,Lindsy,Romanet,lromanetf9@booking.com,Female
551,Isidoro,Djurdjevic,idjurdjevicfa@etsy.com,Male
552,Chucho,Brammall,cbrammallfb@state.gov,Male
553,Zebadiah,Ducket,zducketfc@theatlantic.com,Male
554,Danika,Cicerone,dciceronefd@opera.com,Female
555,Corine,Coles,ccolesfe@simplemachines.org,Female
556,Adan,Ducastel,aducastelff@statcounter.com,Non-binary
557,Thibaud,Pray,tprayfg@ask.com,Male
558,Willa,Bovingdon,wbovingdonfh@newyorker.com,Agender
559,Malena,Suatt,msuattfi@histats.com,Female
560,Orly,Grigolon,ogrigolonfj@mashable.com,Female
561,Donalt,Karolewski,dkarolewskifk@merriam-webster.com,Male
562,Abner,Kubista,akubistafl@ocn.ne.jp,Male
563,Marguerite,Berling,mberlingfm@freewebs.com,Female
564,Terra,Ansell,tansellfn@amazon.co.uk,Female
565,Chere,Absolem,cabsolemfo@usatoday.com,Female
566,Obed,Mackinder,omackinderfp@jalbum.net,Male
567,Camile,Tesche,cteschefq@eepurl.com,Female
568,Rana,Gheorghe,rgheorghefr@gnu.org,Female
569,Trumaine,Brewer,tbrewerfs@fastcompany.com,Agender
570,Esdras,Ouver,eouverft@miitbeian.gov.cn,Male
571,Jewelle,Clixby,jclixbyfu@dell.com,Female
572,Lionello,Ogilvie,logilviefv@furl.net,Male
573,Rebbecca,Falkingham,rfalkinghamfw@pinterest.com,Female
574,Sherill,Neesam,sneesamfx@trellian.com,Female
575,Pen,Spelsbury,pspelsburyfy@mozilla.com,Female
576,Kyrstin,Brigge,kbriggefz@statcounter.com,Female
577,Abramo,Ege,aegeg0@eventbrite.com,Non-binary
578,Leupold,Scurry,lscurryg1@rediff.com,Male
579,Raff,Wreak,rwreakg2@newsvine.com,Male
580,Zak,Moubray,zmoubrayg3@mapquest.com,Male
581,Skelly,Dowker,sdowkerg4@yandex.ru,Male
582,Guthry,Trouel,gtrouelg5@ocn.ne.jp,Male
583,Gerhardine,Best,gbestg6@newyorker.com,Female
584,Gerrard,Hugli,ghuglig7@indiegogo.com,Male
585,Skell,Shade,sshadeg8@prweb.com,Male
586,Ernestus,Aldwinckle,ealdwinckleg9@nifty.com,Male
587,Mychal,Daveren,mdaverenga@google.it,Male
588,Leeanne,Rozier,lroziergb@chron.com,Female
589,Amelie,Borel,aborelgc@globo.com,Female
590,Cristin,Brook,cbrookgd@hugedomains.com,Female
591,Marylou,Kier,mkierge@nationalgeographic.com,Female
592,Danya,Pelerin,dpeleringf@japanpost.jp,Female
593,Windham,Sclanders,wsclandersgg@exblog.jp,Male
594,Legra,Werny,lwernygh@devhub.com,Female
595,Cherilyn,Tottie,ctottiegi@arstechnica.com,Female
596,Barbey,Woolston,bwoolstongj@huffingtonpost.com,Female
597,Micheline,Shayes,mshayesgk@smugmug.com,Female
598,Tammara,Montacute,tmontacutegl@360.cn,Female
599,Jolyn,Jarmyn,jjarmyngm@merriam-webster.com,Female
600,Chrissy,Micco,cmiccogn@nytimes.com,Female
601,Sterling,Jakoub,sjakoubgo@ucsd.edu,Male
602,Stacee,McClancy,smcclancygp@census.gov,Male
603,Mariette,Howis,mhowisgq@noaa.gov,Polygender
604,Keely,Dahler,kdahlergr@t-online.de,Bigender
605,Michaelina,Dibling,mdiblinggs@fc2.com,Female
606,Cleveland,Farrer,cfarrergt@tumblr.com,Male
607,Jess,Nanni,jnannigu@mapy.cz,Female
608,Helenelizabeth,Tofanelli,htofanelligv@goodreads.com,Female
609,Robbert,Bevan,rbevangw@buzzfeed.com,Male
610,Sebastian,Welds,sweldsgx@columbia.edu,Male
611,Avictor,Allbon,aallbongy@nih.gov,Male
612,Karl,Blanc,kblancgz@freewebs.com,Male
613,Toddie,Souster,tsousterh0@privacy.gov.au,Male
614,Lynn,Pittoli,lpittolih1@google.co.uk,Male
615,Fidela,Rickerby,frickerbyh2@feedburner.com,Female
616,Darbee,Gregor,dgregorh3@opera.com,Male
617,Berthe,MacSharry,bmacsharryh4@hao123.com,Female
618,Karoline,Spottiswoode,kspottiswoodeh5@weebly.com,Female
619,Horton,Cullinan,hcullinanh6@forbes.com,Polygender
620,Corby,Matresse,cmatresseh7@princeton.edu,Male
621,Tansy,Wilshaw,twilshawh8@webs.com,Female
622,Henrik,Piercey,hpierceyh9@scribd.com,Male
623,Ingaborg,Insworth,iinsworthha@bigcartel.com,Female
624,Winifield,Janosevic,wjanosevichb@studiopress.com,Male
625,Hildagarde,Ellwell,hellwellhc@infoseek.co.jp,Non-binary
626,Thomasine,Tawton,ttawtonhd@gnu.org,Female
627,Thomasa,Alsopp,talsopphe@utexas.edu,Female
628,Allys,Ancliffe,aancliffehf@adobe.com,Female
629,Sidnee,Paradyce,sparadycehg@yandex.ru,Male
630,Sascha,Averay,saverayhh@eventbrite.com,Female
631,Cleopatra,Causley,ccausleyhi@photobucket.com,Female
632,Huberto,Brownfield,hbrownfieldhj@stanford.edu,Male
633,Chrissy,Cassel,ccasselhk@berkeley.edu,Male
634,Jillayne,Wayt,jwaythl@wordpress.com,Female
635,Claire,Lanfer,clanferhm@booking.com,Male
636,Josias,Harburtson,jharburtsonhn@liveinternet.ru,Male
637,Lizette,Tarquinio,ltarquinioho@w3.org,Female
638,Harvey,Kegg,hkegghp@craigslist.org,Male
639,Art,Mountcastle,amountcastlehq@yellowpages.com,Male
640,Thaddeus,Trevett,ttrevetthr@privacy.gov.au,Male
641,Cristabel,Lortz,clortzhs@1688.com,Female
642,Estele,Potbury,epotburyht@buzzfeed.com,Female
643,Weston,Marnes,wmarneshu@csmonitor.com,Male
644,Pia,Walley,pwalleyhv@bbb.org,Female
645,Alley,Cattach,acattachhw@utexas.edu,Male
646,Aundrea,Limb,alimbhx@hao123.com,Female
647,Teddi,Dobinson,tdobinsonhy@spotify.com,Female
648,Tiffany,Morant,tmoranthz@marketwatch.com,Female
649,Neville,Tonkinson,ntonkinsoni0@upenn.edu,Male
650,Falkner,Andrusov,fandrusovi1@youtube.com,Male
651,Halsy,Dudny,hdudnyi2@bloglines.com,Male
652,Elianora,Waltho,ewalthoi3@canalblog.com,Female
653,Urson,Skypp,uskyppi4@chicagotribune.com,Male
654,Andeee,Housby,ahousbyi5@smh.com.au,Female
655,Amara,Gillmore,agillmorei6@simplemachines.org,Polygender
656,Jarad,Busher,jbusheri7@gmpg.org,Male
657,Nona,Olorenshaw,nolorenshawi8@youtube.com,Female
658,Tamma,Clapison,tclapisoni9@wufoo.com,Female
659,Andrei,Takos,atakosia@loc.gov,Female
660,Ezekiel,Inchcomb,einchcombib@creativecommons.org,Male
661,Tobey,Gisburn,tgisburnic@huffingtonpost.com,Female
662,Daron,Brettor,dbrettorid@vimeo.com,Male
663,Kevin,Sarchwell,ksarchwellie@census.gov,Male
664,Cynthea,Hartus,chartusif@imgur.com,Female
665,Doro,McArte,dmcarteig@imdb.com,Female
666,Lorant,Terzza,lterzzaih@jigsy.com,Male
667,Erda,Borthram,eborthramii@nymag.com,Female
668,Bobette,Insull,binsullij@paginegialle.it,Female
669,Rebe,Dummett,rdummettik@buzzfeed.com,Female
670,Lorry,Ranscombe,lranscombeil@dell.com,Female
671,Willi,Spriggin,wsprigginim@mysql.com,Genderfluid
672,Meyer,Stittle,mstittlein@stanford.edu,Agender
673,Jessalin,Borgne,jborgneio@shinystat.com,Female
674,Delmer,Lewinton,dlewintonip@columbia.edu,Male
675,Evey,McGibbon,emcgibboniq@epa.gov,Female
676,Shelagh,Housam,shousamir@virginia.edu,Female
677,Jerry,Scotchforth,jscotchforthis@google.nl,Male
678,Trixi,Savary,tsavaryit@cdc.gov,Female
679,Juliet,Pennazzi,jpennazziiu@usgs.gov,Female
680,Ricca,Cestard,rcestardiv@webnode.com,Female
681,Jennette,Bome,jbomeiw@wordpress.com,Female
682,Clevie,Astbery,castberyix@facebook.com,Genderqueer
683,Lia,Wetton,lwettoniy@skype.com,Bigender
684,Samuel,Remmer,sremmeriz@statcounter.com,Male
685,Larina,Finkle,lfinklej0@stumbleupon.com,Female
686,Alvan,Basill,abasillj1@moonfruit.com,Male
687,Pietrek,Wallsworth,pwallsworthj2@sfgate.com,Male
688,Major,Souley,msouleyj3@technorati.com,Male
689,Adelbert,Wooler,awoolerj4@infoseek.co.jp,Male
690,Joshia,Fozard,jfozardj5@purevolume.com,Male
691,Rick,Klampk,rklampkj6@uiuc.edu,Male
692,Stafani,Bampkin,sbampkinj7@elpais.com,Genderqueer
693,Tanya,Keemar,tkeemarj8@weather.com,Female
694,Evy,Dingle,edinglej9@cornell.edu,Female
695,Maximilianus,Ridsdell,mridsdellja@cloudflare.com,Male
696,Janeczka,Le Gassick,jlegassickjb@washingtonpost.com,Female
697,Kiel,Tight,ktightjc@cbslocal.com,Bigender
698,Uriel,Ingrey,uingreyjd@whitehouse.gov,Agender
699,Kimberlyn,Norfolk,knorfolkje@xrea.com,Female
700,Garrek,Bonellie,gbonelliejf@bloglovin.com,Male
701,Kristien,Dayton,kdaytonjg@goo.ne.jp,Female
702,Virgie,Pavelka,vpavelkajh@opera.com,Female
703,Myrtie,Baser,mbaserji@rambler.ru,Female
704,Isidore,De Gregorio,idegregoriojj@hexun.com,Male
705,Brander,Will,bwilljk@cnet.com,Male
706,Auria,Creyke,acreykejl@pbs.org,Non-binary
707,Palmer,Pengelly,ppengellyjm@dell.com,Male
708,Chen,Sainsbury,csainsburyjn@joomla.org,Male
709,Mariele,Boame,mboamejo@github.com,Female
710,Lucy,Sibbet,lsibbetjp@digg.com,Female
711,Tove,Scartifield,tscartifieldjq@oaic.gov.au,Female
712,Grenville,Delgaty,gdelgatyjr@youtube.com,Male
713,Cordy,Caulier,ccaulierjs@blog.com,Bigender
714,Ricki,Niess,rniessjt@fotki.com,Male
715,Lynnett,Collidge,lcollidgeju@wunderground.com,Female
716,Sheppard,Livesay,slivesayjv@fastcompany.com,Male
717,Sylvan,Kruschov,skruschovjw@scribd.com,Male
718,Gussie,Ratter,gratterjx@salon.com,Non-binary
719,Nadean,Kerton,nkertonjy@xing.com,Female
720,Timofei,Largan,tlarganjz@mayoclinic.com,Male
721,Marion,Coverdale,mcoverdalek0@netvibes.com,Male
722,Dewain,Hegerty,dhegertyk1@harvard.edu,Bigender
723,Binnie,Pasticznyk,bpasticznykk2@jalbum.net,Female
724,Iolande,Rutley,irutleyk3@taobao.com,Female
725,Morly,Reignard,mreignardk4@jimdo.com,Male
726,Euell,Donnelly,edonnellyk5@mac.com,Male
727,Glori,Aveline,gavelinek6@nifty.com,Female
728,Lonni,Korneichik,lkorneichikk7@icio.us,Female
729,Tilda,Sieghart,tsieghartk8@oaic.gov.au,Non-binary
730,Nana,Goodere,ngooderek9@mayoclinic.com,Female
731,Eldin,D'Enrico,edenricoka@taobao.com,Male
732,Randell,Iwanowicz,riwanowiczkb@example.com,Male
733,Juline,Babbidge,jbabbidgekc@go.com,Female
734,Travis,Demoge,tdemogekd@unc.edu,Male
735,Vere,Pengelley,vpengelleyke@usa.gov,Female
736,Cari,Strippling,cstripplingkf@buzzfeed.com,Female
737,Sonya,O'Dooghaine,sodooghainekg@google.nl,Female
738,Derick,Boame,dboamekh@hubpages.com,Male
739,Sara,Paroni,sparoniki@timesonline.co.uk,Female
740,Margarita,Stanyland,mstanylandkj@yolasite.com,Female
741,Rem,Wellan,rwellankk@geocities.com,Male
742,Jewelle,Silvermann,jsilvermannkl@arizona.edu,Female
743,Tilly,Bodker,tbodkerkm@sciencedirect.com,Polygender
744,Adolpho,Malenfant,amalenfantkn@mashable.com,Male
745,Haleigh,Smylie,hsmylieko@bizjournals.com,Male
746,Walton,Plumer,wplumerkp@exblog.jp,Male
747,Deloria,Linstead,dlinsteadkq@nbcnews.com,Female
748,Fawn,Pardoe,fpardoekr@cnet.com,Female
749,Jessie,Sawle,jsawleks@dailymail.co.uk,Male
750,Grace,MacKnockiter,gmacknockiterkt@admin.ch,Female
751,Fanya,Tuffrey,ftuffreyku@drupal.org,Female
752,Sawyer,Alfonsetti,salfonsettikv@va.gov,Male
753,Mortie,Fritche,mfritchekw@cdc.gov,Male
754,Vinny,Bulstrode,vbulstrodekx@hugedomains.com,Male
755,Nat,Ogilby,nogilbyky@pcworld.com,Male
756,Kiel,Glave,kglavekz@examiner.com,Male
757,Neale,Stert,nstertl0@geocities.com,Male
758,Walden,Hearson,whearsonl1@nhs.uk,Male
759,Guthrey,Zemler,gzemlerl2@squidoo.com,Male
760,Claresta,De Paepe,cdepaepel3@canalblog.com,Female
761,Brandice,Mazzilli,bmazzillil4@umich.edu,Female
762,Binni,Karet,bkaretl5@chicagotribune.com,Female
763,Dian,Topp,dtoppl6@abc.net.au,Female
764,Ezmeralda,Sokell,esokelll7@nps.gov,Female
765,Burton,McTerry,bmcterryl8@disqus.com,Male
766,Patrica,Dimnage,pdimnagel9@freewebs.com,Female
767,Hermy,Kingman,hkingmanla@admin.ch,Male
768,Sisely,O'Nions,sonionslb@reference.com,Female
769,Storm,Raddin,sraddinlc@list-manage.com,Female
770,Inger,Cullity,icullityld@msn.com,Agender
771,Martina,Grahlman,mgrahlmanle@smh.com.au,Female
772,Eleanora,Lomond,elomondlf@taobao.com,Female
773,Jerrylee,Bukowski,jbukowskilg@spiegel.de,Female
774,Lorilee,Sucre,lsucrelh@npr.org,Female
775,Kasey,Bolderson,kboldersonli@newsvine.com,Female
776,Robbie,Sparshatt,rsparshattlj@cyberchimps.com,Female
777,Gigi,Ellwand,gellwandlk@typepad.com,Female
778,Cornall,Mullinger,cmullingerll@t-online.de,Male
779,Lark,Palleske,lpalleskelm@msu.edu,Female
780,Jervis,Billett,jbillettln@1und1.de,Genderfluid
781,Berti,Daulby,bdaulbylo@eepurl.com,Female
782,Homerus,Wyard,hwyardlp@vistaprint.com,Male
783,Alane,Fossord,afossordlq@jimdo.com,Female
784,Farlee,Phidgin,fphidginlr@reddit.com,Male
785,Terrell,Loyns,tloynsls@nydailynews.com,Male
786,Ekaterina,Aleshintsev,ealeshintsevlt@globo.com,Female
787,Mela,Feldbaum,mfeldbaumlu@kickstarter.com,Female
788,Samuel,Aire,sairelv@mapquest.com,Male
789,Micah,Arboine,marboinelw@wunderground.com,Male
790,Lory,Yukhnin,lyukhninlx@ihg.com,Female
791,Jecho,Lawful,jlawfully@imdb.com,Male
792,Lincoln,Billingsly,lbillingslylz@friendfeed.com,Male
793,Francklin,Prue,fpruem0@myspace.com,Male
794,Bernita,Landsborough,blandsboroughm1@freewebs.com,Female
795,Woodie,Devereu,wdevereum2@cargocollective.com,Male
796,Ciel,MacCaull,cmaccaullm3@nps.gov,Female
797,Lotta,Missenden,lmissendenm4@wikia.com,Female
798,Bondon,Durbann,bdurbannm5@yolasite.com,Male
799,Dorrie,Barraclough,dbarracloughm6@dailymotion.com,Female
800,Caro,Worland,cworlandm7@imgur.com,Female
801,Koo,Raiston,kraistonm8@sourceforge.net,Female
802,Christiano,Sparkes,csparkesm9@ed.gov,Male
803,Virgina,Gluyas,vgluyasma@blogger.com,Female
804,Thomas,Pountney,tpountneymb@infoseek.co.jp,Male
805,Gar,Leall,gleallmc@webnode.com,Male
806,Michael,Rogans,mrogansmd@dion.ne.jp,Male
807,Clarissa,Laurisch,claurischme@youtu.be,Female
808,Kimberli,Lye,klyemf@php.net,Female
809,Zia,Francke,zfranckemg@who.int,Female
810,Jocelin,Arnald,jarnaldmh@epa.gov,Female
811,Ellissa,Hellin,ehellinmi@slate.com,Female
812,Kenon,Shimmings,kshimmingsmj@about.com,Male
813,Dedie,Selborne,dselbornemk@ox.ac.uk,Female
814,Waring,Tulley,wtulleyml@4shared.com,Male
815,Bartholemy,Gaylord,bgaylordmm@ning.com,Male
816,Kikelia,Duetschens,kduetschensmn@fastcompany.com,Female
817,Ivor,Weldon,iweldonmo@prweb.com,Male
818,Yankee,Armsby,yarmsbymp@usa.gov,Male
819,Janel,Hugill,jhugillmq@hubpages.com,Female
820,Danny,Harris,dharrismr@time.com,Female
821,Hashim,Malia,hmaliams@cornell.edu,Male
822,Bert,Muzzini,bmuzzinimt@narod.ru,Female
823,Alyosha,Ritter,arittermu@google.ru,Male
824,Doris,Hryncewicz,dhryncewiczmv@geocities.jp,Female
825,Ivar,Safell,isafellmw@marketwatch.com,Male
826,Carlie,Burmingham,cburminghammx@guardian.co.uk,Male
827,Eduino,Spensly,espenslymy@clickbank.net,Male
828,Des,Livesley,dlivesleymz@salon.com,Male
829,Moyra,Cantopher,mcantophern0@de.vu,Female
830,Caroline,Goodyear,cgoodyearn1@infoseek.co.jp,Female
831,Teodorico,Ganderton,tgandertonn2@loc.gov,Male
832,Ivett,Kleen,ikleenn3@behance.net,Female
833,Bennie,Gilhooly,bgilhoolyn4@shop-pro.jp,Male
834,Rois,Wackley,rwackleyn5@cyberchimps.com,Polygender
835,Lenora,Errey,lerreyn6@bigcartel.com,Female
836,Isidora,Siflet,isifletn7@photobucket.com,Female
837,Rawley,Clapshaw,rclapshawn8@qq.com,Male
838,Mathian,Ludovici,mludovicin9@statcounter.com,Male
839,Eduino,Tayspell,etayspellna@odnoklassniki.ru,Male
840,Vasily,Allerton,vallertonnb@goo.ne.jp,Male
841,Tonya,Dimont,tdimontnc@reference.com,Female
842,Hubie,Probbing,hprobbingnd@wired.com,Male
843,Augustine,Cuddy,acuddyne@washingtonpost.com,Male
844,Dukey,Hacksby,dhacksbynf@businesswire.com,Male
845,Alphonso,Tobin,atobinng@ucla.edu,Male
846,Erny,Kleinstern,ekleinsternnh@sina.com.cn,Genderqueer
847,Frederich,Adacot,fadacotni@google.pl,Male
848,Rafferty,Rentcome,rrentcomenj@hhs.gov,Male
849,Giffard,Sigward,gsigwardnk@msn.com,Male
850,Erin,Moxstead,emoxsteadnl@utexas.edu,Male
851,Tedd,Witcombe,twitcombenm@phoca.cz,Male
852,Karlen,Geraldez,kgeraldeznn@geocities.com,Female
853,Doralynne,Rizzardini,drizzardinino@toplist.cz,Genderqueer
854,Fonzie,Mattussevich,fmattussevichnp@desdev.cn,Non-binary
855,Aaren,Bigadike,abigadikenq@omniture.com,Female
856,Granger,Ebden,gebdennr@tripod.com,Non-binary
857,Alecia,Ervine,aervinens@ask.com,Female
858,Rafaellle,Mowlam,rmowlamnt@hibu.com,Male
859,Bonita,York,byorknu@discuz.net,Female
860,Cymbre,Stothard,cstothardnv@foxnews.com,Female
861,Hamilton,Surmeyer,hsurmeyernw@tripod.com,Male
862,Leanor,Strain,lstrainnx@mlb.com,Female
863,Grete,Churchley,gchurchleyny@reference.com,Female
864,Esteban,Barfoot,ebarfootnz@youku.com,Male
865,Quincy,Figg,qfiggo0@deviantart.com,Male
866,Amberly,Accombe,aaccombeo1@kickstarter.com,Female
867,Rozanna,Petranek,rpetraneko2@umich.edu,Agender
868,Inglis,Beckham,ibeckhamo3@toplist.cz,Male
869,Lion,Bouchard,lbouchardo4@yahoo.co.jp,Agender
870,Jacklin,Lyddiard,jlyddiardo5@dailymail.co.uk,Female
871,Quentin,Pasticznyk,qpasticznyko6@tumblr.com,Non-binary
872,Allayne,Dunkerly,adunkerlyo7@senate.gov,Male
873,Bria,Gerner,bgernero8@globo.com,Female
874,Rickard,Dyment,rdymento9@ask.com,Male
875,Stephenie,McCathay,smccathayoa@live.com,Female
876,Val,Antognazzi,vantognazziob@com.com,Genderfluid
877,Alejandra,Bernardoni,abernardonioc@usda.gov,Female
878,Simonne,Ridgeway,sridgewayod@scribd.com,Female
879,Felipa,Mackett,fmackettoe@photobucket.com,Female
880,Conrad,Gildea,cgildeaof@163.com,Male
881,Tynan,Ferrandez,tferrandezog@gnu.org,Male
882,Twila,Cowperthwaite,tcowperthwaiteoh@java.com,Female
883,Davon,Sealeaf,dsealeafoi@twitpic.com,Male
884,Lane,Gundrey,lgundreyoj@liveinternet.ru,Female
885,Charissa,Wille,cwilleok@loc.gov,Female
886,Marice,Stockill,mstockillol@ustream.tv,Female
887,Dana,Wank,dwankom@hugedomains.com,Female
888,Nealson,Clutheram,nclutheramon@disqus.com,Male
889,Joycelin,Camock,jcamockoo@fema.gov,Female
890,Wilone,Szreter,wszreterop@tuttocitta.it,Female
891,Vonni,Uzelli,vuzellioq@booking.com,Female
892,Corabella,Fitzroy,cfitzroyor@webmd.com,Female
893,Waly,Kohneke,wkohnekeos@chicagotribune.com,Female
894,Noll,Foat,nfoatot@hc360.com,Male
895,Fitz,Hainsworth,fhainsworthou@archive.org,Male
896,Marlin,Morling,mmorlingov@google.pl,Male
897,Ardelis,Streatfeild,astreatfeildow@naver.com,Female
898,Edithe,Lorey,eloreyox@youku.com,Female
899,Hollyanne,Parade,hparadeoy@wired.com,Female
900,Ardelis,Renoden,arenodenoz@free.fr,Female
901,Morgan,Moxon,mmoxonp0@marriott.com,Male
902,Sansone,Dutch,sdutchp1@1und1.de,Male
903,Clemens,Shoppee,cshoppeep2@ucla.edu,Male
904,Luella,Semon,lsemonp3@ebay.com,Female
905,Mitchel,Nail,mnailp4@usgs.gov,Male
906,Em,Abrashkov,eabrashkovp5@123-reg.co.uk,Bigender
907,Darbie,Kluger,dklugerp6@hhs.gov,Polygender
908,Malva,Sidnall,msidnallp7@wired.com,Female
909,Theodora,Maestro,tmaestrop8@csmonitor.com,Female
910,Amalee,Lyte,alytep9@cafepress.com,Bigender
911,Regan,Bromwich,rbromwichpa@nasa.gov,Female
912,Cinnamon,Breston,cbrestonpb@ibm.com,Female
913,North,Blackbrough,nblackbroughpc@columbia.edu,Male
914,Waylan,Peverell,wpeverellpd@dyndns.org,Male
915,Terence,Pherps,tpherpspe@bravesites.com,Male
916,Frank,Mathen,fmathenpf@examiner.com,Female
917,Ingaborg,Thackray,ithackraypg@studiopress.com,Female
918,Lyell,Machel,lmachelph@washington.edu,Male
919,Perice,Bleakman,pbleakmanpi@reverbnation.com,Male
920,Guendolen,Scourge,gscourgepj@addthis.com,Female
921,Vicky,Fludgate,vfludgatepk@artisteer.com,Female
922,Valma,Coomes,vcoomespl@fema.gov,Female
923,Amii,Longridge,alongridgepm@time.com,Female
924,Ade,Lacky,alackypn@clickbank.net,Male
925,Marshal,Corby,mcorbypo@mtv.com,Male
926,Oralla,Tysall,otysallpp@berkeley.edu,Female
927,Carlynn,Spadotto,cspadottopq@facebook.com,Female
928,Tyne,Godson,tgodsonpr@theatlantic.com,Female
929,Rickie,Phizackarley,rphizackarleyps@telegraph.co.uk,Male
930,Hertha,Grishin,hgrishinpt@plala.or.jp,Female
931,Keefer,Kort,kkortpu@sbwire.com,Male
932,Iggie,Vinick,ivinickpv@creativecommons.org,Male
933,Frans,Denington,fdeningtonpw@php.net,Male
934,Ardene,Rockey,arockeypx@geocities.com,Female
935,Selle,Pikhno,spikhnopy@aboutads.info,Female
936,Chilton,Bartkowiak,cbartkowiakpz@amazonaws.com,Non-binary
937,Manfred,Kemp,mkempq0@bing.com,Non-binary
938,Phillie,Steabler,psteablerq1@noaa.gov,Female
939,Jean,Tringham,jtringhamq2@cnet.com,Female
940,Georgina,Spalding,gspaldingq3@elegantthemes.com,Female
941,Georgine,Skrine,gskrineq4@ucoz.com,Female
942,Ky,Connar,kconnarq5@hao123.com,Male
943,Cara,Fike,cfikeq6@umich.edu,Female
944,Gradeigh,Mc Combe,gmccombeq7@techcrunch.com,Male
945,Norrie,Robottom,nrobottomq8@skype.com,Genderfluid
946,Alessandro,Shovlin,ashovlinq9@theglobeandmail.com,Male
947,Meryl,Doy,mdoyqa@sitemeter.com,Female
948,Lewiss,Bettis,lbettisqb@plala.or.jp,Male
949,Honoria,Kynaston,hkynastonqc@un.org,Female
950,Lauryn,Langforth,llangforthqd@bloglines.com,Female
951,Hill,Corp,hcorpqe@toplist.cz,Male
952,Billi,Bootherstone,bbootherstoneqf@sitemeter.com,Female
953,Sky,Roskam,sroskamqg@accuweather.com,Male
954,Saunders,Ricardou,sricardouqh@irs.gov,Male
955,Fidole,Dunsmuir,fdunsmuirqi@ezinearticles.com,Male
956,Briney,Smillie,bsmillieqj@google.ru,Female
957,Nikolas,Gooderidge,ngooderidgeqk@senate.gov,Male
958,Vassili,Vowell,vvowellql@freewebs.com,Male
959,Meghan,Filkin,mfilkinqm@goo.ne.jp,Female
960,Cybill,Scottesmoor,cscottesmoorqn@myspace.com,Female
961,Forbes,Mum,fmumqo@baidu.com,Male
962,Bartholemy,McCready,bmccreadyqp@dyndns.org,Agender
963,Ax,Zimmer,azimmerqq@rediff.com,Bigender
964,Stormi,Whybrow,swhybrowqr@engadget.com,Female
965,Faun,Ladel,fladelqs@gov.uk,Female
966,Janeva,Prosch,jproschqt@msn.com,Female
967,Fredia,Newick,fnewickqu@tiny.cc,Female
968,Henryetta,Eaton,heatonqv@weather.com,Female
969,Guillema,Hirche,ghircheqw@vistaprint.com,Female
970,Godart,Gilford,ggilfordqx@ask.com,Male
971,Steward,Barock,sbarockqy@census.gov,Male
972,Jessie,Batchellor,jbatchellorqz@miitbeian.gov.cn,Male
973,Hermann,Studholme,hstudholmer0@tiny.cc,Male
974,Tammara,Oller,tollerr1@chicagotribune.com,Female
975,Sada,Danet,sdanetr2@spiegel.de,Female
976,Clarette,Meachem,cmeachemr3@admin.ch,Female
977,Hillier,Sammut,hsammutr4@google.pl,Male
978,Terrill,Orvis,torvisr5@constantcontact.com,Male
979,Bennie,Lacase,blacaser6@latimes.com,Male
980,Zachery,Warhurst,zwarhurstr7@dropbox.com,Male
981,Gwenneth,Chisholm,gchisholmr8@pen.io,Female
982,Keefe,Randell,krandellr9@goo.gl,Male
983,Elvyn,Askin,easkinra@latimes.com,Male
984,Caralie,Dunckley,cdunckleyrb@discuz.net,Female
985,Farica,Gaukroger,fgaukrogerrc@stanford.edu,Female
986,Hetti,Parkeson,hparkesonrd@youtu.be,Female
987,Fionnula,Culcheth,fculchethre@constantcontact.com,Female
988,Scottie,Bowater,sbowaterrf@dropbox.com,Male
989,Bret,Eastbrook,beastbrookrg@printfriendly.com,Male
990,Horton,Kondratovich,hkondratovichrh@cyberchimps.com,Male
991,Carie,Yorston,cyorstonri@intel.com,Female
992,Delbert,Wavish,dwavishrj@comcast.net,Male
993,Guglielmo,Alyokhin,galyokhinrk@yahoo.com,Male
994,Matilde,Cracknell,mcracknellrl@blogtalkradio.com,Female
995,Phaidra,Tolle,ptollerm@cargocollective.com,Female
996,Hi,Pegler,hpeglerrn@booking.com,Genderfluid
997,Jodi,McCahill,jmccahillro@utexas.edu,Female
998,Jamima,Ballin,jballinrp@yahoo.com,Female
999,Giavani,Yannikov,gyannikovrq@vistaprint.com,Male
1000,Felice,Doogan,fdooganrr@apache.org,Female
